{"cameraMode":{"drawMode":0,"name":"Shaded","section":"Shading Mode"},"sceneLighting":true,"audioPlay":false,"sceneViewState":{"m_AlwaysRefresh":false,"showFog":true,"showSkybox":true,"showFlares":true,"showImageEffects":true,"showParticleSystems":true,"showVisualEffectGraphs":true,"m_FxEnabled":true},"in2DMode":false,"pivot":{"x":310.5791320800781,"y":433.90673828125,"z":85.93323516845703},"rotation":{"x":0.0059939841739833359,"y":-0.04468797892332077,"z":0.00026813012664206326,"w":0.9989830851554871},"size":477.11419677734377,"orthographic":true}